<?xml version="1.0" encoding="UTF-8"?>
<S12:Envelope xmlns:S12="http://www.w3.org/2003/05/soap-envelope"
    xmlns:wsu="http://docs.oasis-open.org/wss/2004/01/oasis-200401-wss-wssecurity-utility-1.0.xsd"
    xmlns:ebbp="http://docs.oasis-open.org/ebxml-bp/ebbp-signals-2.0"
    xmlns:ds="http://www.w3.org/2000/09/xmldsig#"
    xmlns:eb3="http://docs.oasis-open.org/ebxml-msg/ebms/v3.0/ns/core/200704/"
    xmlns:wsse="http://docs.oasis-open.org/wss/2004/01/oasis-200401-wss-wssecurity-secext-1.0.xsd"
    xmlns:ebint="http://docs.oasis-open.org/ebxml-msg/ebms/v3.0/ns/multihop/200902/"
    xmlns:wsa="http://www.w3.org/2005/08/addressing">
    <S12:Header>
        <eb3:Messaging id="_ebmessaging_N1000C" S12:mustUnderstand="true">
            <eb3:SignalMessage>
                <eb3:MessageInfo>
                    <eb3:Timestamp>2012-02-05T19:43:11.735Z</eb3:Timestamp>
                    <eb3:MessageId>someuniqueid@receiver.example.com</eb3:MessageId>
                    <eb3:RefToMessageId>orders123@buyer.example.com</eb3:RefToMessageId>
                </eb3:MessageInfo>
                <eb3:Receipt>
                    <ebbp:NonRepudiationInformation>
                        <ebbp:MessagePartNRInformation>
                            <ds:Reference xmlns:xsi="http://www.w3.org/2001/XMLSchema-instance"
                                URI="#_5cb44655-5720-4cf4-a772-19cd480b0ad4">
                                <ds:Transforms>
                                    <ds:Transform
                                        Algorithm="http://www.w3.org/2001/10/xml-exc-c14n#"/>
                                </ds:Transforms>
                                <ds:DigestMethod Algorithm="http://www.w3.org/2000/09/xmlds#sha1"/>
                                <ds:DigestValue>KshAH7QFFAw2sV5LQBOUOSSrCaI=</ds:DigestValue>
                            </ds:Reference>
                        </ebbp:MessagePartNRInformation>
                        <ebbp:MessagePartNRInformation>
                            <ds:Reference xmlns:xsi="http://www.w3.org/2001/XMLSchema-instance"
                                URI="#_f8aa8b55-b31c-4364-94d0-3615ca65aa40">
                                <ds:Transforms>
                                    <ds:Transform
                                        Algorithm="http://www.w3.org/2001/10/xml-exc-c14n#"/>
                                </ds:Transforms>
                                <ds:DigestMethod Algorithm="http://www.w3.org/2000/09/xmlds#sha1"/>
                                <ds:DigestValue>l2HxWizaP7d43f4hATCD+O7it1c=</ds:DigestValue>
                            </ds:Reference>
                        </ebbp:MessagePartNRInformation>
                        <ebbp:MessagePartNRInformation>
                            <ds:Reference xmlns:xsi="http://www.w3.org/2001/XMLSchema-instance"
                                URI="cid:a1d7fdf5-d67e-403a-ad92-3b9deff25d43@buyer.example.com">
                                <ds:Transforms>
                                    <ds:Transform
                                        Algorithm="http://docs.oasis-open.org/wss/oasis-wss-SwAProfile-1.1#Attachment-Content-Signature-Transform"
                                    />
                                </ds:Transforms>
                                <ds:DigestMethod Algorithm="http://www.w3.org/2000/09/xmlds#sha1"/>
                                <ds:DigestValue>iWNSv2W6SxbOYZliPzZDcXAxrwI=</ds:DigestValue>
                            </ds:Reference>
                        </ebbp:MessagePartNRInformation>
                        <ebbp:MessagePartNRInformation>
                            <ds:Reference xmlns:xsi="http://www.w3.org/2001/XMLSchema-instance"
                                URI="#_476193ac-1584-48ac-9074-143a8fc13523">
                                <ds:Transforms>
                                    <ds:Transform
                                        Algorithm="http://www.w3.org/2001/10/xml-exc-c14n#"/>
                                </ds:Transforms>
                                <ds:DigestMethod Algorithm="http://www.w3.org/2000/09/xmlds#sha1"/>
                                <ds:DigestValue>PreCqm0ESZqmITjf1qzrLFuOEYg=</ds:DigestValue>
                            </ds:Reference>
                        </ebbp:MessagePartNRInformation>
                    </ebbp:NonRepudiationInformation>
                </eb3:Receipt>
            </eb3:SignalMessage>
        </eb3:Messaging>
    </S12:Header>
    <S12:Body wsu:Id="N100B2"/>
</S12:Envelope>
